influencer,recipient,medium,message_generated,sent,date,status,message_id,review_id,subject,body
Harry Connor AI,,email,Yes,No,2026-10-03T22:19:41.655142+00:00,BLOCKED_NO_RECIPIENT,89b12dd1fbeb459aad023d07328b32d6,,Python for AI/ML affiliate integration with CodeStart,"Hi Harry,

Your profile's focus on Python programming for AI/ML interests us for a CodeStart affiliate collaboration. We offer a personalized beginner Python course with dedicated learning paths for AI/ML. Would you be open to featuring a brief course mention in an upcoming YouTube upload? We would supply a course link and your coupon code for the video description, earning you an agreed commission on attributed purchases. Could we discuss the format and commission terms?

Alex
Partnerships Coordinator at CodeStart"
Harry Connor AI,,dm,Yes,No,2026-10-03T22:19:41.656368+00:00,BLOCKED_NO_RECIPIENT,89b12dd1fbeb459aad023d07328b32d6,,,"Hi Harry, your Python for AI/ML focus interests us for CodeStart. Would you be open to an affiliate course mention with a custom coupon code?"
The Programmers Realm,,email,Yes,No,2026-10-03T22:19:41.656368+00:00,BLOCKED_NO_RECIPIENT,bff7b297c83449778fdae8cf13122bf4,,Python core concepts collaboration with CodeStart,"Hi The Programmers Realm,

Your profile's focus on Python core concepts and basic file operations interests us for a CodeStart integration. We offer a personalized beginner Python course featuring personalized coding tests. We would love to discuss an affiliate collaboration: a brief course mention in an upcoming YouTube upload, featuring a course link and your coupon code in the description. Attributed purchases earn you an agreed commission. Are you open to discussing format and commission terms?

Alex
Partnerships Coordinator at CodeStart"
The Programmers Realm,,dm,Yes,No,2026-10-03T22:19:41.656368+00:00,BLOCKED_NO_RECIPIENT,bff7b297c83449778fdae8cf13122bf4,,,"Hi The Programmers Realm, your Python core concepts focus interests us. Open to discussing a CodeStart affiliate course mention with a custom coupon code?"
pyninja,pyninja.official@gmail.com,email,Yes,No,2026-10-03T22:19:41.656368+00:00,SIMULATED,42f87677307644e5ab71098641e9187e,1,CodeStart Python AI/ML path integration,"Hi pyninja,

Your focus on fundamentals of machine learning and regression techniques interests us for a CodeStart integration. We offer a Python learning path for AI/ML alongside our personalized beginner course. We propose an affiliate collaboration featuring a brief course mention in an upcoming YouTube upload, with your dedicated coupon code and course link placed in the description. Attributed purchases earn you an agreed commission. Are you open to discussing possible format and commission terms?

Alex
Partnerships Coordinator at CodeStart"
pyninja,,dm,Yes,No,2026-10-03T22:19:41.656368+00:00,BLOCKED_NO_RECIPIENT,42f87677307644e5ab71098641e9187e,,,"Hi pyninja, your machine learning fundamentals focus interests CodeStart for our AI/ML path. Would you explore an affiliate course mention with a coupon code?"
